Date,open,high,low,Adjusted_Close,volume
2022-12-19 00:00:00+00:00,9900.5,9900.5,9900.5,9900.5,0
2022-12-20 00:00:00+00:00,9883.25,9883.25,9883.25,9883.25,0
2022-12-21 00:00:00+00:00,10046.25,10046.25,10046.25,10046.25,0
2022-12-22 00:00:00+00:00,9756.25,9756.25,9756.25,9756.25,0
2022-12-23 00:00:00+00:00,9778.25,9778.25,9778.25,9778.25,0
2022-12-27 00:00:00+00:00,9628.25,9628.25,9628.25,9628.25,0
2022-12-28 00:00:00+00:00,9484.25,9484.25,9484.25,9484.25,0
2022-12-29 00:00:00+00:00,9755.25,9755.25,9755.25,9755.25,0
2022-12-30 00:00:00+00:00,9739.25,9739.25,9739.25,9739.25,0
2023-01-03 00:00:00+00:00,9662.25,9662.25,9662.25,9662.25,0
2023-01-04 00:00:00+00:00,9716.25,9716.25,9716.25,9716.25,0
2023-01-05 00:00:00+00:00,9538.25,9538.25,9538.25,9538.25,0
2023-01-06 00:00:00+00:00,9831.25,9831.25,9831.25,9831.25,0
2023-01-09 00:00:00+00:00,9904.25,9904.25,9904.25,9904.25,0
2023-01-10 00:00:00+00:00,10000.25,10000.25,10000.25,10000.25,0
2023-01-11 00:00:00+00:00,10195.25,10195.25,10195.25,10195.25,0
2023-01-12 00:00:00+00:00,10253.25,10253.25,10253.25,10253.25,0
2023-01-13 00:00:00+00:00,10326.25,10326.25,10326.25,10326.25,0
2023-01-16 00:00:00+00:00,10326.25,10326.25,10326.25,10326.25,0
2023-01-17 00:00:00+00:00,10344.25,10344.25,10344.25,10344.25,0
2023-01-18 00:00:00+00:00,10195.25,10195.25,10195.25,10195.25,0
2023-01-19 00:00:00+00:00,10075.25,10075.25,10075.25,10075.25,0
2023-01-20 00:00:00+00:00,10397.25,10397.25,10397.25,10397.25,0
2023-01-23 00:00:00+00:00,10657.25,10657.25,10657.25,10657.25,0
2023-01-24 00:00:00+00:00,10632.25,10632.25,10632.25,10632.25,0
2023-01-25 00:00:00+00:00,10595.25,10595.25,10595.25,10595.25,0
2023-01-26 00:00:00+00:00,10831.25,10831.25,10831.25,10831.25,0
2023-01-27 00:00:00+00:00,10947.25,10947.25,10947.25,10947.25,0
2023-01-30 00:00:00+00:00,10692.25,10692.25,10692.25,10692.25,0
2023-01-31 00:00:00+00:00,10876.25,10876.25,10876.25,10876.25,0
2023-02-01 00:00:00+00:00,11141.25,11141.25,11141.25,11141.25,0
2023-02-02 00:00:00+00:00,11578.25,11578.25,11578.25,11578.25,0
2023-02-03 00:00:00+00:00,11363.25,11363.25,11363.25,11363.25,0
2023-02-10 00:00:00+00:00,11088.25,11088.25,11088.25,11088.25,0
2023-02-13 00:00:00+00:00,11284.25,11284.25,11284.25,11284.25,0
2023-02-14 00:00:00+00:00,11374.25,11374.25,11374.25,11374.25,0
2023-02-15 00:00:00+00:00,11473.25,11473.25,11473.25,11473.25,0
2023-02-16 00:00:00+00:00,11241.25,11241.25,11241.25,11241.25,0
2023-02-17 00:00:00+00:00,11187.25,11187.25,11187.25,11187.25,0
2023-02-20 00:00:00+00:00,11187.25,11187.25,11187.25,11187.25,0
2023-02-21 00:00:00+00:00,10892.25,10892.25,10892.25,10892.25,0
2023-02-22 00:00:00+00:00,10892.25,10892.25,10892.25,10892.25,0
2023-02-23 00:00:00+00:00,11002.25,11002.25,11002.25,11002.25,0
2023-02-24 00:00:00+00:00,10780.25,10780.25,10780.25,10780.25,0
2023-02-27 00:00:00+00:00,10880.25,10880.25,10880.25,10880.25,0
2023-02-28 00:00:00+00:00,10869.25,10869.25,10869.25,10869.25,0
2023-03-01 00:00:00+00:00,10757.25,10757.25,10757.25,10757.25,0
2023-03-02 00:00:00+00:00,10857.25,10857.25,10857.25,10857.25,0
2023-03-03 00:00:00+00:00,11107.25,11107.25,11107.25,11107.25,0
2023-03-06 00:00:00+00:00,11121.25,11121.25,11121.25,11121.25,0
2023-03-07 00:00:00+00:00,11028.25,11028.25,11028.25,11028.25,0
2023-03-08 00:00:00+00:00,11088.25,11088.25,11088.25,11088.25,0
2023-03-09 00:00:00+00:00,10864.75,10864.75,10864.75,10864.75,0
2023-03-10 00:00:00+00:00,10689.75,10689.75,10689.75,10689.75,0
2023-03-13 00:00:00+00:00,10687.25,10687.25,10687.25,10687.25,0
2023-03-14 00:00:00+00:00,10969.25,10969.25,10969.25,10969.25,0
2023-03-15 00:00:00+00:00,11009.25,11009.25,11009.25,11009.25,0
2023-03-16 00:00:00+00:00,11349.25,11349.25,11349.25,11349.25,0
2023-03-17 00:00:00+00:00,11278.25,11278.25,11278.25,11278.25,0
2023-03-20 00:00:00+00:00,11321.25,11321.25,11321.25,11321.25,0
2023-03-21 00:00:00+00:00,11508.25,11508.25,11508.25,11508.25,0
2023-03-22 00:00:00+00:00,11544.25,11544.25,11348.25,11348.25,1
2023-03-23 00:00:00+00:00,11492.25,11492.25,11492.25,11492.25,0
2023-03-24 00:00:00+00:00,11528.25,11528.25,11528.25,11528.25,0
2023-03-27 00:00:00+00:00,11423.25,11423.25,11423.25,11423.25,0
2023-03-28 00:00:00+00:00,11357.25,11357.25,11357.25,11357.25,0
2023-03-29 00:00:00+00:00,11606.25,11606.25,11606.25,11606.25,0
2023-03-30 00:00:00+00:00,11722.25,11722.25,11722.25,11722.25,0
2023-03-31 00:00:00+00:00,11955.25,11955.25,11955.25,11955.25,0
2023-04-03 00:00:00+00:00,11925.25,11925.25,11925.25,11925.25,0
2023-04-04 00:00:00+00:00,11870.25,11870.25,11870.25,11870.25,0
2023-04-05 00:00:00+00:00,11730.25,11730.25,11730.25,11730.25,0
2023-04-06 00:00:00+00:00,11822.25,11822.25,11822.25,11822.25,0
2023-04-07 00:00:00+00:00,11822.25,11822.25,11822.25,11822.25,0
2023-04-10 00:00:00+00:00,11814.25,11814.25,11814.25,11814.25,0
2023-04-11 00:00:00+00:00,11731.25,11731.25,11731.25,11731.25,0
2023-04-12 00:00:00+00:00,11606.25,11606.25,11606.25,11606.25,0
2023-04-13 00:00:00+00:00,11865.25,11865.25,11865.25,11865.25,0
2023-04-14 00:00:00+00:00,11840.25,11840.25,11840.25,11840.25,0
2023-04-17 00:00:00+00:00,11845.25,11845.25,11845.25,11845.25,0
2023-04-18 00:00:00+00:00,11853.25,11853.25,11853.25,11853.25,0
2023-04-19 00:00:00+00:00,11843.25,11843.25,11843.25,11843.25,0
2023-04-20 00:00:00+00:00,11733.25,11733.25,11733.25,11733.25,0
2023-04-21 00:00:00+00:00,11749.25,11749.25,11749.25,11749.25,0
2023-04-24 00:00:00+00:00,11716.25,11716.25,11716.25,11716.25,0
2023-04-25 00:00:00+00:00,11466.25,11466.25,11466.25,11466.25,0
2023-04-26 00:00:00+00:00,11546.25,11546.25,11546.25,11546.25,0
2023-04-27 00:00:00+00:00,11891.25,11891.25,11891.25,11891.25,0
2023-04-28 00:00:00+00:00,11980.25,11980.25,11980.25,11980.25,0
2023-05-01 00:00:00+00:00,11979.25,11979.25,11979.25,11979.25,0
2023-05-02 00:00:00+00:00,11851.25,11851.25,11851.25,11851.25,0
2023-05-03 00:00:00+00:00,11767.25,11767.25,11767.25,11767.25,0
2023-05-04 00:00:00+00:00,11697.25,11697.25,11697.25,11697.25,0
2023-05-05 00:00:00+00:00,11975.25,11975.25,11975.25,11975.25,0
2023-05-08 00:00:00+00:00,12009.25,12009.25,12009.25,12009.25,0
2023-05-09 00:00:00+00:00,11921.25,11921.25,11921.25,11921.25,0
2023-05-10 00:00:00+00:00,12071.25,12071.25,12071.25,12071.25,0
2023-05-11 00:00:00+00:00,12101.25,12101.25,12101.25,12101.25,0
2023-05-12 00:00:00+00:00,12058.25,12058.25,12058.25,12058.25,0
2023-05-15 00:00:00+00:00,12138.25,12138.25,12138.25,12138.25,0
2023-05-16 00:00:00+00:00,12154.25,12154.25,12154.25,12154.25,0
2023-05-17 00:00:00+00:00,12314.25,12314.25,12314.25,12314.25,0
2023-05-18 00:00:00+00:00,12584.25,12584.25,12584.25,12584.25,0
2023-05-19 00:00:00+00:00,12568.25,12568.25,12568.25,12568.25,0
2023-05-22 00:00:00+00:00,12618.25,12618.25,12618.25,12618.25,0
2023-05-23 00:00:00+00:00,12444.25,12444.25,12444.25,12444.25,0
2023-05-24 00:00:00+00:00,12366.25,12366.25,12366.25,12366.25,0
2023-05-25 00:00:00+00:00,12692.25,12692.25,12692.25,12692.25,0
2023-05-26 00:00:00+00:00,13095.25,13095.25,13095.25,13095.25,0
2023-05-29 00:00:00+00:00,13095.25,13095.25,13095.25,13095.25,0
2023-05-30 00:00:00+00:00,13161.25,13161.25,13161.25,13161.25,0
2023-05-31 00:00:00+00:00,13061.25,13061.25,13061.25,13061.25,0
2023-06-01 00:00:00+00:00,13158.75,13233.25,13158.75,13233.25,1
2023-06-02 00:00:00+00:00,13349.25,13349.25,13349.25,13349.25,0
2023-06-05 00:00:00+00:00,13363.25,13363.25,13363.25,13363.25,0
2023-06-06 00:00:00+00:00,13360.25,13360.25,13360.25,13360.25,0
2023-06-07 00:00:00+00:00,13101.25,13101.25,13101.25,13101.25,0
2023-06-08 00:00:00+00:00,13273.25,13273.25,13273.25,13273.25,0
2023-06-09 00:00:00+00:00,13327.25,13327.25,13327.25,13327.25,0
2023-06-12 00:00:00+00:00,13577.25,13577.25,13577.25,13577.25,0
2023-06-13 00:00:00+00:00,13697.25,13697.25,13697.25,13697.25,0
2023-06-14 00:00:00+00:00,13802.25,13802.25,13802.25,13802.25,0
2023-06-15 00:00:00+00:00,13977.25,13977.25,13977.25,13977.25,0
2023-06-16 00:00:00+00:00,13974.75,13974.75,13873.25,13873.25,1
2023-06-19 00:00:00+00:00,13873.25,13873.25,13873.25,13873.25,0
2023-06-20 00:00:00+00:00,13895.25,13895.25,13861.25,13861.25,1
2023-06-21 00:00:00+00:00,13666.25,13666.25,13666.25,13666.25,0
2023-06-22 00:00:00+00:00,13595.25,13837.25,13595.25,13837.25,2
2023-06-23 00:00:00+00:00,13659.25,13681.25,13659.25,13681.25,1
2023-06-26 00:00:00+00:00,13477.5,13477.5,13477.5,13477.5,0
2023-06-27 00:00:00+00:00,13709.25,13743.0,13709.25,13743.0,1
2023-06-28 00:00:00+00:00,13795.25,13803.5,13757.75,13757.75,2
2023-06-29 00:00:00+00:00,13735.75,13735.75,13735.75,13735.75,0
2023-06-30 00:00:00+00:00,13964.25,13972.25,13964.25,13972.25,2
2023-07-03 00:00:00+00:00,13969.25,14000.25,13969.25,14000.25,1
2023-07-04 00:00:00+00:00,13994.5,14000.25,13994.5,14000.25,1
2023-07-05 00:00:00+00:00,13913.25,13996.25,13913.25,13996.25,5
2023-07-06 00:00:00+00:00,13961.25,13961.25,13774.25,13873.25,6
2023-07-07 00:00:00+00:00,13816.25,13816.25,13816.25,13816.25,0
2023-07-10 00:00:00+00:00,13734.25,13822.25,13734.25,13819.25,15
2023-07-11 00:00:00+00:00,13895.25,13895.25,13889.25,13889.25,1
2023-07-12 00:00:00+00:00,14095.25,14095.25,14076.25,14076.25,1
2023-07-13 00:00:00+00:00,14208.5,14353.0,14208.5,14341.75,4
2023-07-14 00:00:00+00:00,14351.25,14460.25,14329.25,14329.25,8
2023-07-17 00:00:00+00:00,14407.0,14475.25,14407.0,14475.25,1
2023-07-18 00:00:00+00:00,14460.25,14610.25,14371.75,14610.25,9
2023-07-19 00:00:00+00:00,14619.25,14650.75,14594.25,14594.25,13
2023-07-20 00:00:00+00:00,14244.25,14244.25,14224.25,14224.25,1
2023-07-21 00:00:00+00:00,14244.25,14294.25,14171.25,14171.25,5
2023-07-24 00:00:00+00:00,14199.25,14199.25,14199.25,14199.25,0
2023-07-25 00:00:00+00:00,14256.0,14360.25,14256.0,14312.25,11
2023-07-26 00:00:00+00:00,14254.5,14288.25,14249.25,14249.25,4
2023-07-27 00:00:00+00:00,14444.0,14494.25,14178.5,14209.25,12
2023-07-28 00:00:00+00:00,14344.25,14494.25,14344.25,14487.25,3
2023-07-31 00:00:00+00:00,14488.0,14519.75,14479.0,14510.25,7
2023-08-01 00:00:00+00:00,14415.0,14470.25,14415.0,14470.25,2
2023-08-02 00:00:00+00:00,14349.25,14406.75,14091.5,14125.25,50
2023-08-03 00:00:00+00:00,14129.25,14157.0,13995.25,14091.25,22
2023-08-04 00:00:00+00:00,14100.25,14244.25,13997.0,14006.25,20
2023-08-07 00:00:00+00:00,14044.25,14127.25,14035.0,14127.25,24
2023-08-08 00:00:00+00:00,14082.0,14082.0,13906.5,13992.5,17
2023-08-09 00:00:00+00:00,14019.25,14040.5,13813.0,13813.0,33
2023-08-10 00:00:00+00:00,13847.75,14044.5,13795.25,13835.5,34
2023-08-11 00:00:00+00:00,13764.25,13766.25,13686.5,13729.0,14
2023-08-14 00:00:00+00:00,13729.25,13907.5,13682.75,13907.5,13
2023-08-15 00:00:00+00:00,13947.0,13947.0,13720.5,13742.0,143
2023-08-16 00:00:00+00:00,13754.25,13791.5,13563.5,13577.25,150
2023-08-17 00:00:00+00:00,13565.25,13649.25,13404.5,13411.75,24
2023-08-18 00:00:00+00:00,13379.25,13410.25,13254.25,13371.25,42
2023-08-21 00:00:00+00:00,13459.25,13632.5,13424.25,13617.0,58
2023-08-22 00:00:00+00:00,13602.75,13738.25,13581.0,13589.75,56
2023-08-23 00:00:00+00:00,13673.25,13956.0,13595.25,13830.25,40
2023-08-24 00:00:00+00:00,13930.25,14017.25,13495.0,13495.0,30
2023-08-25 00:00:00+00:00,13551.75,13654.25,13400.25,13613.5,34
2023-08-28 00:00:00+00:00,13639.25,13753.0,13610.0,13727.75,55
2023-08-29 00:00:00+00:00,13749.25,14058.75,13689.25,14058.75,187
2023-08-30 00:00:00+00:00,14062.0,14154.5,14032.0,14145.5,30
2023-08-31 00:00:00+00:00,14159.25,14248.25,14141.25,14186.25,134
2023-09-01 00:00:00+00:00,14168.25,14294.25,14111.25,14163.5,39
2023-09-04 00:00:00+00:00,14175.5,14211.5,14163.5,14163.5,3
2023-09-05 00:00:00+00:00,14159.0,14214.25,14098.25,14184.0,34
2023-09-06 00:00:00+00:00,14166.5,14166.5,13990.75,14047.0,25
2023-09-07 00:00:00+00:00,14029.5,14029.5,13839.5,13927.75,40
2023-09-08 00:00:00+00:00,13921.5,14034.25,13904.25,13943.25,59
2023-09-11 00:00:00+00:00,13959.0,14134.25,13959.0,14123.5,71
2023-09-12 00:00:00+00:00,14103.75,14116.75,13952.25,13957.5,58
2023-09-13 00:00:00+00:00,13948.25,14058.5,13883.25,14005.5,227
2023-09-14 00:00:00+00:00,14044.25,14156.25,14004.25,14125.5,249
2023-09-15 00:00:00+00:00,14129.0,14161.5,13807.5,13840.0,600
2023-09-18 00:00:00+00:00,13834.25,13905.25,13779.0,13860.0,459
2023-09-19 00:00:00+00:00,13877.25,13885.0,13695.25,13821.0,630
2023-09-20 00:00:00+00:00,13822.5,13880.0,13572.0,13596.25,614
2023-09-21 00:00:00+00:00,13579.25,13594.0,13281.0,13302.0,657
2023-09-22 00:00:00+00:00,13297.25,13464.25,13276.5,13305.0,687
2023-09-25 00:00:00+00:00,13324.25,13391.25,13222.25,13372.0,406
2023-09-26 00:00:00+00:00,13381.5,13381.5,13101.75,13150.0,706
2023-09-27 00:00:00+00:00,13165.0,13244.75,13021.75,13173.75,1023
2023-09-28 00:00:00+00:00,13184.25,13381.75,13096.75,13295.5,673
2023-09-29 00:00:00+00:00,13322.75,13488.25,13252.25,13301.25,961
2023-10-02 00:00:00+00:00,13409.0,13485.75,13267.0,13422.0,726
2023-10-03 00:00:00+00:00,13424.75,13466.25,13090.5,13149.5,683
2023-10-04 00:00:00+00:00,13144.25,13383.75,13029.75,13360.5,936
2023-10-05 00:00:00+00:00,13335.0,13391.5,13151.5,13297.5,813
2023-10-06 00:00:00+00:00,13289.25,13595.25,13102.25,13549.25,1067
2023-10-09 00:00:00+00:00,13478.75,13649.25,13386.75,13624.5,559
2023-10-10 00:00:00+00:00,13629.25,13818.0,13617.25,13710.25,567
2023-10-11 00:00:00+00:00,13722.75,13854.0,13701.25,13819.75,493
2023-10-12 00:00:00+00:00,13841.25,13908.0,13656.75,13756.25,606
2023-10-13 00:00:00+00:00,13774.75,13799.75,13501.75,13558.5,492
2023-10-16 00:00:00+00:00,13576.0,13771.0,13539.5,13729.75,440
2023-10-17 00:00:00+00:00,13737.25,13748.25,13493.0,13681.5,528
2023-10-18 00:00:00+00:00,13666.25,13666.25,13417.0,13463.25,588
2023-10-19 00:00:00+00:00,13483.25,13572.25,13275.75,13326.5,990
2023-10-20 00:00:00+00:00,13260.5,13316.0,13078.25,13095.5,700
2023-10-23 00:00:00+00:00,13123.5,13281.0,12951.75,13144.5,699
2023-10-24 00:00:00+00:00,13173.5,13363.0,13144.25,13279.0,873
2023-10-25 00:00:00+00:00,13279.5,13280.75,12882.25,12907.5,981
2023-10-26 00:00:00+00:00,12855.25,12874.25,12568.25,12619.25,1352
2023-10-27 00:00:00+00:00,12682.75,12830.5,12645.0,12690.0,724
2023-10-30 00:00:00+00:00,12756.5,12900.5,12734.25,12842.0,990
2023-10-31 00:00:00+00:00,12834.75,12927.25,12738.25,12917.25,810
2023-11-01 00:00:00+00:00,12899.0,13187.5,12844.25,13172.5,1273
2023-11-02 00:00:00+00:00,13190.25,13446.75,13190.25,13429.75,1157
2023-11-03 00:00:00+00:00,13369.5,13656.75,13369.25,13611.0,850
2023-11-06 00:00:00+00:00,13635.25,13688.25,13574.25,13667.25,518
2023-11-07 00:00:00+00:00,13642.25,13848.75,13613.25,13812.0,944
2023-11-08 00:00:00+00:00,13804.25,13854.25,13734.75,13824.0,402
2023-11-09 00:00:00+00:00,13789.25,13891.75,13674.25,13692.75,611
2023-11-10 00:00:00+00:00,13677.25,14053.5,13651.5,14036.0,971
2023-11-13 00:00:00+00:00,14027.0,14039.25,13907.75,13987.25,747
2023-11-14 00:00:00+00:00,13995.5,14358.0,13995.5,14322.5,995
2023-11-15 00:00:00+00:00,14339.5,14469.25,14274.25,14333.0,867
2023-11-16 00:00:00+00:00,14296.75,14346.75,14246.75,14340.5,495
2023-11-17 00:00:00+00:00,14329.75,14382.0,14269.25,14339.25,323
2023-11-20 00:00:00+00:00,14344.25,14561.75,14284.75,14532.5,690
2023-11-21 00:00:00+00:00,14536.75,14567.25,14359.5,14435.5,935
2023-11-22 00:00:00+00:00,14402.5,14616.25,14388.25,14495.5,916
2023-11-23 00:00:00+00:00,14488.25,14528.25,14488.25,14495.5,89
2023-11-24 00:00:00+00:00,14514.25,14516.25,14431.25,14466.5,231
2023-11-27 00:00:00+00:00,14444.25,14534.5,14386.75,14454.5,811
2023-11-28 00:00:00+00:00,14457.25,14516.25,14392.75,14493.75,1123
2023-11-29 00:00:00+00:00,14494.75,14654.5,14461.5,14470.5,2222
2023-11-30 00:00:00+00:00,14487.75,14545.25,14301.25,14431.5,2057
2023-12-01 00:00:00+00:00,14402.75,14495.75,14310.5,14469.5,3043
2023-12-04 00:00:00+00:00,14464.5,14464.5,14164.5,14313.75,11658
2023-12-05 00:00:00+00:00,14298.5,14406.75,14205.25,14354.5,13782
2023-12-06 00:00:00+00:00,14343.0,14485.5,14248.75,14261.5,6849
2023-12-07 00:00:00+00:00,14251.25,14516.0,14238.25,14489.0,18639
2023-12-08 00:00:00+00:00,14466.25,14573.25,14342.25,14553.0,149043
2023-12-11 00:00:00+00:00,14545.5,14704.25,14500.5,14694.25,394928
2023-12-12 00:00:00+00:00,14697.25,14844.25,14640.75,14819.75,513525
2023-12-13 00:00:00+00:00,14840.25,15050.75,14820.25,15021.5,627202
2023-12-14 00:00:00+00:00,15021.75,15129.25,14872.25,14997.25,737886
2023-12-15 00:00:00+00:00,14983.5,15131.5,14976.5,15064.5,641580
2023-12-18 00:00:00+00:00,15064.5,15218.25,15046.5,15184.0,447862
2023-12-19 00:00:00+00:00,15161.25,15273.75,15155.0,15267.25,487720
2023-12-20 00:00:00+00:00,15268.25,15317.75,15002.75,15010.5,643148
2023-12-21 00:00:00+00:00,15034.5,15214.5,15034.5,15200.75,631023
2023-12-22 00:00:00+00:00,15200.25,15285.75,15135.75,15224.25,478748
2023-12-26 00:00:00+00:00,15208.75,15355.5,15208.75,15327.75,286170
2023-12-27 00:00:00+00:00,15334.5,15377.25,15299.75,15357.5,417060
2023-12-28 00:00:00+00:00,15371.25,15409.5,15322.0,15334.75,353018
2023-12-29 00:00:00+00:00,15334.5,15375.25,15182.5,15267.75,460936
2024-01-02 00:00:00+00:00,15263.25,15282.75,14866.75,14964.25,634193
2024-01-03 00:00:00+00:00,14981.0,14981.5,14766.25,14782.25,668351
2024-01-04 00:00:00+00:00,14789.5,14831.5,14680.25,14689.25,551256
2024-01-05 00:00:00+00:00,14699.25,14821.5,14578.5,14704.5,620632
2024-01-08 00:00:00+00:00,14714.25,15055.5,14622.5,15048.0,537623
2024-01-09 00:00:00+00:00,15032.25,15112.75,14902.0,15074.5,597922
2024-01-10 00:00:00+00:00,15073.75,15227.25,15045.75,15189.5,544039
2024-01-11 00:00:00+00:00,15199.25,15301.25,14997.25,15210.5,748573
2024-01-12 00:00:00+00:00,15202.0,15286.75,15110.75,15213.5,587576
2024-01-15 00:00:00+00:00,15206.0,15268.5,15180.5,15213.5,102894
2024-01-16 00:00:00+00:00,15205.25,15278.0,15056.0,15210.75,703577
2024-01-17 00:00:00+00:00,15222.25,15226.25,14933.5,15114.0,705339
2024-01-18 00:00:00+00:00,15098.75,15370.0,15078.5,15354.25,836550
2024-01-19 00:00:00+00:00,15360.25,15715.5,15351.5,15682.75,743817
2024-01-22 00:00:00+00:00,15710.25,15829.25,15678.25,15702.75,625845
2024-01-23 00:00:00+00:00,15705.25,15802.5,15653.75,15775.5,500857
2024-01-24 00:00:00+00:00,15798.25,16037.75,15796.5,15865.25,711434
2024-01-25 00:00:00+00:00,15859.0,15996.25,15786.25,15878.75,702508
2024-01-26 00:00:00+00:00,15815.5,15876.25,15710.25,15771.25,626065
2024-01-29 00:00:00+00:00,15746.25,15960.5,15701.75,15950.25,560766
2024-01-30 00:00:00+00:00,15956.0,15980.0,15711.25,15832.75,547334
2024-01-31 00:00:00+00:00,15659.75,15728.25,15465.75,15486.5,803501
2024-02-01 00:00:00+00:00,15517.5,15891.0,15507.0,15681.0,697672
2024-02-02 00:00:00+00:00,15832.25,16019.75,15709.75,15977.0,750117
2024-02-05 00:00:00+00:00,15940.25,15989.75,15798.5,15944.25,614920
2024-02-06 00:00:00+00:00,15942.75,16013.25,15805.0,15904.25,617029
2024-02-07 00:00:00+00:00,15890.0,16119.75,15874.0,16086.0,603414
2024-02-08 00:00:00+00:00,16100.5,16140.75,16036.5,16112.5,465048
2024-02-09 00:00:00+00:00,16098.5,16315.25,16096.5,16283.5,490828
2024-02-12 00:00:00+00:00,16284.25,16365.75,16155.5,16209.25,533457
2024-02-13 00:00:00+00:00,16172.75,16207.5,15786.25,15921.0,842067
2024-02-14 00:00:00+00:00,15947.25,16131.25,15913.5,16125.25,682995
2024-02-15 00:00:00+00:00,16114.25,16212.5,16024.75,16157.0,653622
2024-02-16 00:00:00+00:00,16196.25,16270.25,15959.25,15988.25,733793
2024-02-19 00:00:00+00:00,15973.5,16051.75,15970.5,15988.25,95847
2024-02-20 00:00:00+00:00,16032.0,16037.25,15696.75,15851.5,783676
2024-02-21 00:00:00+00:00,15817.25,15967.25,15617.0,15781.0,717812
2024-02-22 00:00:00+00:00,15946.75,16331.25,15920.25,16291.75,745762
2024-02-23 00:00:00+00:00,16267.5,16389.0,16190.25,16235.25,651208
2024-02-26 00:00:00+00:00,16205.75,16303.75,16166.25,16221.25,520506
2024-02-27 00:00:00+00:00,16195.25,16284.5,16153.0,16265.25,563122
2024-02-28 00:00:00+00:00,16261.75,16264.0,16090.5,16159.5,546729
2024-02-29 00:00:00+00:00,16114.25,16353.75,16070.25,16327.0,671204
2024-03-01 00:00:00+00:00,16319.25,16617.0,16273.75,16582.5,627961
2024-03-04 00:00:00+00:00,16580.25,16622.0,16478.5,16506.25,560091
2024-03-05 00:00:00+00:00,16490.25,16496.25,16076.75,16174.5,785534
2024-03-06 00:00:00+00:00,16225.25,16418.5,16186.75,16288.5,797730
2024-03-07 00:00:00+00:00,16285.25,16604.25,16160.0,16560.5,740760
2024-03-08 00:00:00+00:00,16523.25,16680.75,16256.75,16291.0,977885
2024-03-11 00:00:00+00:00,16800.5,16808.75,16637.0,16715.25,570958
2024-03-12 00:00:00+00:00,16752.0,16990.0,16673.0,16976.25,676480
2024-03-13 00:00:00+00:00,16968.5,17005.75,16780.75,16827.5,687816
2024-03-14 00:00:00+00:00,16841.0,16927.25,16660.25,16770.75,786709
2024-03-15 00:00:00+00:00,16750.0,16821.75,16505.25,16557.75,671985
2024-03-18 00:00:00+00:00,16572.5,16880.0,16561.25,16730.5,644558
2024-03-19 00:00:00+00:00,16721.0,16788.25,16552.25,16769.0,653962
2024-03-20 00:00:00+00:00,16773.0,17044.0,16726.5,16978.75,608527
2024-03-21 00:00:00+00:00,17038.75,17208.0,17025.75,17060.75,599533
2024-03-22 00:00:00+00:00,17079.5,17125.0,16991.0,17073.75,505243
2024-03-25 00:00:00+00:00,17066.0,17100.25,16913.75,17012.5,452041
2024-03-26 00:00:00+00:00,17030.25,17118.0,16938.25,16948.0,511034
2024-03-27 00:00:00+00:00,16976.5,17070.75,16877.5,17002.75,594456
2024-03-28 00:00:00+00:00,17004.0,17037.75,16946.5,16974.0,505512
2024-04-01 00:00:00+00:00,17002.0,17111.0,16913.5,16996.25,562748
2024-04-02 00:00:00+00:00,16996.25,17010.0,16700.5,16829.0,606699
2024-04-03 00:00:00+00:00,16844.0,16950.75,16731.5,16872.25,587654
2024-04-04 00:00:00+00:00,16887.5,17067.0,16554.25,16575.75,761860
2024-04-05 00:00:00+00:00,16585.25,16907.25,16550.5,16799.75,795926
2024-04-08 00:00:00+00:00,16847.25,16875.0,16736.5,16794.0,521042
2024-04-09 00:00:00+00:00,16813.75,16906.25,16659.75,16858.75,690981
2024-04-10 00:00:00+00:00,16880.0,16973.25,16552.5,16695.75,862743
2024-04-11 00:00:00+00:00,16683.0,17017.75,16587.0,16984.0,718057
2024-04-12 00:00:00+00:00,16985.25,17006.75,16619.25,16678.25,770507
2024-04-15 00:00:00+00:00,16650.0,16849.75,16340.5,16375.25,788234
2024-04-16 00:00:00+00:00,16378.0,16487.0,16291.0,16380.25,759116
2024-04-17 00:00:00+00:00,16396.0,16467.5,16114.25,16157.5,834573
2024-04-18 00:00:00+00:00,16168.75,16269.75,16005.25,16046.25,749579
2024-04-19 00:00:00+00:00,16029.75,16052.25,15612.25,15679.75,1012254
2024-04-22 00:00:00+00:00,15727.25,15947.0,15647.5,15849.0,633570
2024-04-23 00:00:00+00:00,15851.25,16165.0,15785.25,16105.75,592767
2024-04-24 00:00:00+00:00,16181.0,16294.5,15980.75,16163.5,659877
2024-04-25 00:00:00+00:00,15949.0,16326.5,15807.25,16066.5,808604
2024-04-26 00:00:00+00:00,16307.25,16400.5,16167.25,16344.75,620291
2024-04-29 00:00:00+00:00,16363.75,16448.0,16290.25,16403.25,525402
2024-04-30 00:00:00+00:00,16417.5,16419.25,15972.5,16070.25,666937
2024-05-01 00:00:00+00:00,15961.5,16292.25,15898.25,15937.25,780825
2024-05-02 00:00:00+00:00,15986.0,16254.25,15885.25,16148.75,627153
2024-05-03 00:00:00+00:00,16243.25,16549.25,16218.5,16499.75,546752
2024-05-06 00:00:00+00:00,16546.5,16700.25,16482.75,16694.5,389298
2024-05-07 00:00:00+00:00,16688.5,16765.25,16650.0,16698.5,464788
2024-05-08 00:00:00+00:00,16693.0,16741.25,16571.5,16685.5,450639
2024-05-09 00:00:00+00:00,16659.75,16739.25,16602.75,16713.5,468858
2024-05-10 00:00:00+00:00,16725.0,16847.0,16687.5,16754.0,469407
2024-05-13 00:00:00+00:00,16737.0,16835.25,16727.75,16794.5,405279
2024-05-14 00:00:00+00:00,16781.0,16932.0,16664.5,16914.0,548471
2024-05-15 00:00:00+00:00,16908.75,17206.0,16892.0,17190.75,596207
2024-05-16 00:00:00+00:00,17192.25,17259.75,17132.25,17149.0,542065
2024-05-17 00:00:00+00:00,17141.0,17185.75,17044.0,17134.25,482282
2024-05-20 00:00:00+00:00,17132.5,17293.5,17132.0,17262.0,465347
2024-05-21 00:00:00+00:00,17245.0,17307.75,17177.0,17298.25,421571
2024-05-22 00:00:00+00:00,17297.25,17390.0,17183.25,17285.75,570288
2024-05-23 00:00:00+00:00,17359.5,17522.25,17120.5,17195.25,843252
2024-05-24 00:00:00+00:00,17183.0,17425.0,17179.0,17375.0,538134
2024-05-27 00:00:00+00:00,17373.75,17455.0,17332.5,17375.0,72790
2024-05-28 00:00:00+00:00,17449.5,17479.5,17318.5,17439.5,562188
2024-05-29 00:00:00+00:00,17448.5,17448.75,17239.0,17301.75,566765
2024-05-30 00:00:00+00:00,17252.0,17286.0,17045.25,17105.5,611110
2024-05-31 00:00:00+00:00,17089.75,17167.25,16740.25,17090.0,817453
2024-06-03 00:00:00+00:00,17089.25,17254.5,16934.75,17145.25,660094
2024-06-04 00:00:00+00:00,17161.5,17252.25,17010.25,17200.0,608672
2024-06-05 00:00:00+00:00,17210.0,17589.5,17195.25,17573.25,564415
2024-06-06 00:00:00+00:00,17588.5,17623.5,17516.25,17559.25,514699
2024-06-07 00:00:00+00:00,17563.0,17654.0,17439.0,17536.75,603173
2024-06-10 00:00:00+00:00,18018.25,18118.0,17972.75,18102.25,3188
2024-06-11 00:00:00+00:00,18095.5,18250.0,17988.0,18236.25,5658
2024-06-12 00:00:00+00:00,18236.5,18611.25,18228.5,18496.0,15331
2024-06-13 00:00:00+00:00,18597.0,18689.75,18500.25,18603.5,68820
2024-06-14 00:00:00+00:00,18603.25,18698.75,18503.25,18685.25,178533
2024-06-17 00:00:00+00:00,18694.5,19011.0,18643.75,18932.5,504018
2024-06-18 00:00:00+00:00,18932.75,19010.25,18866.75,18936.0,489241
2024-06-19 00:00:00+00:00,18944.25,18992.25,18936.0,18936.0,66883
2024-06-20 00:00:00+00:00,18971.75,19110.75,18698.0,18771.25,784259
2024-06-21 00:00:00+00:00,18783.0,18825.75,18654.0,18722.5,573754
2024-06-24 00:00:00+00:00,18754.5,18770.0,18467.75,18490.5,676449
2024-06-25 00:00:00+00:00,18495.75,18721.0,18465.75,18712.0,566404
2024-06-26 00:00:00+00:00,18712.75,18810.25,18640.75,18752.25,584733
2024-06-27 00:00:00+00:00,18685.75,18856.5,18614.0,18779.25,579644
2024-06-28 00:00:00+00:00,18803.0,19013.0,18646.0,18667.0,737662
2024-07-01 00:00:00+00:00,18709.75,18813.75,18551.5,18791.75,631947
2024-07-02 00:00:00+00:00,18785.5,18999.0,18649.75,18995.0,607545
2024-07-03 00:00:00+00:00,18980.75,19175.0,18944.75,19151.25,389641
2024-07-04 00:00:00+00:00,19159.0,19160.25,19109.5,19151.25,52694
2024-07-05 00:00:00+00:00,19121.0,19379.25,19100.75,19360.5,539056
2024-07-08 00:00:00+00:00,19331.25,19427.75,19319.0,19399.5,490382
2024-07-09 00:00:00+00:00,19420.75,19511.5,19355.5,19418.25,564262
2024-07-10 00:00:00+00:00,19425.75,19656.5,19424.25,19639.5,563663
2024-07-11 00:00:00+00:00,19635.25,19723.5,19117.0,19181.5,890381
2024-07-12 00:00:00+00:00,19172.5,19480.75,19074.75,19263.75,712780
2024-07-15 00:00:00+00:00,19319.75,19536.75,19246.0,19323.5,693346
2024-07-16 00:00:00+00:00,19367.75,19424.25,19204.25,19337.75,622766
2024-07-17 00:00:00+00:00,19330.75,19337.5,18705.5,18737.25,835039
2024-07-18 00:00:00+00:00,18764.0,18902.25,18498.5,18639.0,951860
2024-07-19 00:00:00+00:00,18694.75,18719.5,18393.75,18452.75,763223
2024-07-22 00:00:00+00:00,18488.75,18784.5,18458.5,18740.75,645159
2024-07-23 00:00:00+00:00,18721.75,18824.5,18608.0,18664.75,593769
2024-07-24 00:00:00+00:00,18622.75,18622.75,17908.5,17943.0,822747
2024-07-25 00:00:00+00:00,17999.75,18130.25,17623.0,17732.0,970328
2024-07-26 00:00:00+00:00,17742.75,18037.5,17734.75,17914.25,687457
2024-07-29 00:00:00+00:00,17911.5,18117.0,17853.0,17949.0,591523
2024-07-30 00:00:00+00:00,17956.75,18059.5,17464.75,17676.0,731539
2024-07-31 00:00:00+00:00,17605.5,18387.75,17601.5,18245.0,744801
2024-08-01 00:00:00+00:00,18333.0,18456.75,17593.75,17763.0,900049
2024-08-02 00:00:00+00:00,17696.25,17719.5,17125.5,17296.0,823210
2024-08-05 00:00:00+00:00,17129.75,17129.75,16090.75,16753.0,921700
2024-08-06 00:00:00+00:00,16905.5,17223.0,16705.75,16918.75,682966
2024-08-07 00:00:00+00:00,16772.75,17298.25,16576.0,16706.25,707286
2024-08-08 00:00:00+00:00,16612.75,17333.25,16481.5,17265.0,649782
2024-08-09 00:00:00+00:00,17290.0,17414.25,17122.75,17355.75,494481
2024-08-12 00:00:00+00:00,17329.75,17505.0,17254.75,17379.25,464243
2024-08-13 00:00:00+00:00,17388.0,17862.25,17368.25,17844.0,489902
2024-08-14 00:00:00+00:00,17839.0,17943.25,17665.25,17854.75,542881
2024-08-15 00:00:00+00:00,17882.25,18343.0,17840.25,18321.0,516216
2024-08-16 00:00:00+00:00,18310.0,18422.75,18187.25,18345.5,449986
2024-08-19 00:00:00+00:00,18368.75,18611.5,18265.0,18597.5,424458
2024-08-20 00:00:00+00:00,18597.5,18670.75,18482.75,18549.25,479342
2024-08-21 00:00:00+00:00,18542.75,18721.5,18511.25,18649.25,473242
2024-08-22 00:00:00+00:00,18661.0,18765.0,18281.75,18318.0,621620
2024-08-23 00:00:00+00:00,18361.25,18644.0,18331.5,18530.5,574212
2024-08-26 00:00:00+00:00,18527.5,18586.0,18245.25,18331.0,467882
2024-08-27 00:00:00+00:00,18298.5,18434.0,18181.25,18393.5,433128
2024-08-28 00:00:00+00:00,18375.25,18430.75,17967.0,18155.5,530615
2024-08-29 00:00:00+00:00,17956.75,18433.25,17880.0,18133.0,660817
2024-08-30 00:00:00+00:00,18185.5,18372.5,18110.25,18362.75,484108
2024-09-02 00:00:00+00:00,18338.75,18410.0,18250.75,18362.75,71521
2024-09-03 00:00:00+00:00,18386.25,18422.75,17650.75,17746.25,615795
2024-09-04 00:00:00+00:00,17733.5,17854.5,17565.5,17702.25,576119
2024-09-05 00:00:00+00:00,17705.5,17890.25,17567.0,17703.25,577824
2024-09-06 00:00:00+00:00,17660.75,17712.0,17079.5,17198.0,710853
2024-09-09 00:00:00+00:00,17139.75,17474.25,17125.75,17432.0,524709
2024-09-10 00:00:00+00:00,17466.75,17618.25,17322.0,17603.75,528811
2024-09-11 00:00:00+00:00,17577.5,18033.25,17286.75,18010.75,710142
2024-09-12 00:00:00+00:00,17981.25,18223.25,17924.75,18187.0,563372
2024-09-13 00:00:00+00:00,18159.25,18317.0,18138.0,18270.0,416582
2024-09-16 00:00:00+00:00,18675.5,18726.5,18471.5,18607.75,265970
2024-09-17 00:00:00+00:00,18597.5,18792.75,18517.0,18618.25,411071
2024-09-18 00:00:00+00:00,18629.25,18842.5,18500.5,18523.0,507619
2024-09-19 00:00:00+00:00,18591.25,19145.5,18579.25,19030.5,564439
2024-09-20 00:00:00+00:00,19008.5,19026.5,18802.5,18970.75,468333
2024-09-23 00:00:00+00:00,18982.5,19106.5,18897.75,19022.5,391341
2024-09-24 00:00:00+00:00,19005.75,19157.25,18895.5,19110.25,449958
2024-09-25 00:00:00+00:00,19126.25,19213.5,19006.75,19134.5,396198
2024-09-26 00:00:00+00:00,19184.5,19480.5,19130.5,19288.75,502675
2024-09-27 00:00:00+00:00,19287.5,19338.25,19115.5,19164.0,429188
2024-09-30 00:00:00+00:00,19141.0,19229.5,18998.5,19203.75,502074
2024-10-01 00:00:00+00:00,19176.75,19274.25,18760.5,18917.5,649871
2024-10-02 00:00:00+00:00,18917.75,19032.75,18776.0,18952.25,470924
2024-10-03 00:00:00+00:00,18998.0,19056.25,18794.5,18932.75,521135
2024-10-04 00:00:00+00:00,18908.0,19206.25,18884.0,19169.75,551865
2024-10-07 00:00:00+00:00,19162.5,19209.75,18890.5,18935.25,443310
2024-10-08 00:00:00+00:00,18968.25,19272.0,18845.0,19241.0,436743
2024-10-09 00:00:00+00:00,19236.75,19425.25,19138.5,19406.0,414880
2024-10-10 00:00:00+00:00,19387.75,19450.75,19244.0,19372.25,443278
2024-10-11 00:00:00+00:00,19377.5,19436.75,19257.25,19392.5,379094
2024-10-14 00:00:00+00:00,19375.0,19622.5,19325.75,19561.75,385134
2024-10-15 00:00:00+00:00,19581.25,19601.75,19196.5,19284.5,509264
2024-10-16 00:00:00+00:00,19277.0,19341.0,19148.75,19292.0,411075
2024-10-17 00:00:00+00:00,19270.5,19537.25,19219.25,19310.5,525927
2024-10-18 00:00:00+00:00,19326.5,19472.25,19263.25,19426.0,378788
2024-10-21 00:00:00+00:00,19438.75,19497.0,19286.25,19462.0,444002
2024-10-22 00:00:00+00:00,19479.0,19544.75,19302.75,19484.5,465086
2024-10-23 00:00:00+00:00,19463.5,19485.0,19021.5,19163.0,606251
2024-10-24 00:00:00+00:00,19236.75,19371.0,19204.25,19322.75,456022
2024-10-25 00:00:00+00:00,19331.0,19649.75,19306.5,19441.25,570035
2024-10-28 00:00:00+00:00,19468.0,19619.0,19428.5,19439.5,426986
2024-10-29 00:00:00+00:00,19455.5,19702.75,19374.75,19639.0,488384
2024-10-30 00:00:00+00:00,19676.5,19731.0,19415.0,19477.25,511825
2024-10-31 00:00:00+00:00,19424.5,19438.25,18951.0,18964.25,675933
2024-11-01 00:00:00+00:00,19013.5,19230.5,18959.5,19095.75,538204
2024-11-04 00:00:00+00:00,19080.5,19191.0,18955.5,19028.5,513229
2024-11-05 00:00:00+00:00,19073.25,19328.0,18984.25,19284.25,442628
2024-11-06 00:00:00+00:00,19303.0,19877.75,19266.0,19836.5,618789
2024-11-07 00:00:00+00:00,19866.0,20195.5,19804.0,20167.25,455640
2024-11-08 00:00:00+00:00,20166.75,20207.5,20064.25,20173.75,395096
2024-11-11 00:00:00+00:00,20192.25,20283.25,20040.75,20160.25,450555
2024-11-12 00:00:00+00:00,20163.5,20194.25,19997.25,20132.0,502665
2024-11-13 00:00:00+00:00,20120.5,20211.0,19999.0,20102.0,524465
2024-11-14 00:00:00+00:00,20109.5,20132.75,19893.0,19954.25,545339
2024-11-15 00:00:00+00:00,19920.0,19924.0,19347.75,19436.25,673974
2024-11-18 00:00:00+00:00,19446.5,19666.75,19418.5,19576.0,519131
2024-11-19 00:00:00+00:00,19575.75,19735.0,19325.0,19710.25,545561
2024-11-20 00:00:00+00:00,19704.75,19785.75,19419.5,19691.5,610163
2024-11-21 00:00:00+00:00,19680.5,19848.25,19456.75,19772.0,692741
2024-11-22 00:00:00+00:00,19736.5,19822.5,19635.75,19792.25,537600
2024-11-25 00:00:00+00:00,19877.5,20023.5,19722.75,19822.75,534691
2024-11-26 00:00:00+00:00,19848.75,19967.25,19697.5,19936.0,496779
2024-11-27 00:00:00+00:00,19933.25,19961.5,19617.5,19755.5,512783
2024-11-28 00:00:00+00:00,19755.5,19852.0,19749.75,19755.5,54749
2024-11-29 00:00:00+00:00,19826.5,19960.0,19748.0,19936.0,282643
2024-12-02 00:00:00+00:00,19937.75,20202.25,19882.5,20160.5,468344
2024-12-03 00:00:00+00:00,20162.5,20271.5,20076.75,20224.0,439162
2024-12-04 00:00:00+00:00,20265.5,20491.0,20248.25,20479.0,454859
2024-12-05 00:00:00+00:00,20455.75,20509.75,20380.0,20415.75,412556
2024-12-06 00:00:00+00:00,20392.5,20611.75,20367.25,20599.25,448858
2024-12-09 00:00:00+00:00,20591.5,20648.75,20378.5,20426.25,507056
2024-12-10 00:00:00+00:00,20421.75,20549.25,20295.25,20347.75,528613
2024-12-11 00:00:00+00:00,20378.5,20762.5,20348.25,20736.0,530126
2024-12-12 00:00:00+00:00,20699.25,20715.0,20546.75,20593.75,490739
2024-12-13 00:00:00+00:00,20663.25,20850.5,20609.0,20738.25,562210
2024-12-16 00:00:00+00:00,21270.75,21658.75,21259.25,21616.75,259476
2024-12-17 00:00:00+00:00,21621.0,21634.5,21453.0,21523.25,453103
2024-12-18 00:00:00+00:00,21518.0,21596.5,20519.75,20710.5,642538
2024-12-19 00:00:00+00:00,20708.5,20906.5,20554.5,20587.75,689044
2024-12-20 00:00:00+00:00,20638.0,21021.0,20215.25,20775.25,840157
2024-12-23 00:00:00+00:00,20774.75,20985.5,20685.5,20962.0,502016
2024-12-24 00:00:00+00:00,20952.0,21258.5,20917.75,21237.25,256897
2024-12-26 00:00:00+00:00,21258.25,21320.0,21079.0,21216.75,398407
2024-12-27 00:00:00+00:00,21199.5,21216.75,20707.5,20907.25,555262
2024-12-30 00:00:00+00:00,20919.75,20951.5,20461.75,20625.0,516039
2024-12-31 00:00:00+00:00,20599.0,20733.5,20390.75,20435.25,469100
2025-01-02 00:00:00+00:00,20477.75,20699.25,20192.5,20376.25,658865
2025-01-03 00:00:00+00:00,20395.5,20768.0,20352.75,20725.25,479425
2025-01-06 00:00:00+00:00,20741.0,21105.5,20687.0,20953.25,562263
2025-01-07 00:00:00+00:00,20990.0,21014.75,20488.25,20568.5,632574
2025-01-08 00:00:00+00:00,20589.5,20657.0,20375.0,20569.5,626784
2025-01-09 00:00:00+00:00,20543.5,20569.5,20426.75,20569.5,77136
2025-01-10 00:00:00+00:00,20511.5,20581.25,20083.5,20224.75,691607
2025-01-13 00:00:00+00:00,20236.25,20245.75,19902.75,20156.0,606692
2025-01-14 00:00:00+00:00,20228.75,20352.5,19982.25,20128.25,664463
2025-01-15 00:00:00+00:00,20185.75,20661.5,20117.75,20609.0,543896
2025-01-16 00:00:00+00:00,20597.75,20776.0,20381.0,20458.5,586335
2025-01-17 00:00:00+00:00,20436.25,20891.25,20418.0,20803.5,580291
2025-01-20 00:00:00+00:00,20808.75,20987.5,20735.25,20803.5,155116
2025-01-21 00:00:00+00:00,20896.0,20992.25,20586.5,20918.25,499679
2025-01-22 00:00:00+00:00,21018.0,21302.25,20977.0,21209.25,486780
2025-01-23 00:00:00+00:00,21190.5,21259.25,21064.25,21247.0,466745
2025-01-24 00:00:00+00:00,21227.25,21287.0,21052.75,21120.0,519260
2025-01-27 00:00:00+00:00,20979.75,20979.75,19972.5,20467.25,1034721
2025-01-28 00:00:00+00:00,20552.0,20834.75,20368.25,20790.5,649287
2025-01-29 00:00:00+00:00,20767.75,20905.75,20575.75,20732.0,624948
2025-01-30 00:00:00+00:00,20756.5,20957.5,20628.25,20833.5,612638
2025-01-31 00:00:00+00:00,20888.75,21174.75,20742.5,20798.0,646029
2025-02-03 00:00:00+00:00,20408.75,20788.5,20151.75,20613.75,720963
2025-02-04 00:00:00+00:00,20800.75,20902.75,20451.25,20879.0,491670
2025-02-05 00:00:00+00:00,20770.75,21003.75,20638.5,20971.75,493018
2025-02-06 00:00:00+00:00,20973.25,21091.0,20914.5,21080.5,436061
2025-02-07 00:00:00+00:00,21026.5,21176.75,20761.5,20799.5,591407
2025-02-10 00:00:00+00:00,20672.0,21102.75,20626.75,21055.25,385195
2025-02-11 00:00:00+00:00,21040.75,21080.25,20878.25,20995.5,418708
2025-02-12 00:00:00+00:00,21003.0,21071.25,20719.5,21013.5,540960
2025-02-13 00:00:00+00:00,21070.0,21332.75,20961.75,21322.0,529361
2025-02-14 00:00:00+00:00,21279.75,21433.75,21251.25,21405.0,429223
2025-02-17 00:00:00+00:00,21444.5,21490.5,21401.25,21405.0,101172
2025-02-18 00:00:00+00:00,21433.5,21528.5,21311.5,21441.0,458230
2025-02-19 00:00:00+00:00,21433.25,21508.5,21326.75,21459.25,491538
2025-02-20 00:00:00+00:00,21421.75,21444.25,21159.75,21350.5,555432
2025-02-21 00:00:00+00:00,21344.75,21454.25,20861.5,20888.0,697766
2025-02-24 00:00:00+00:00,20909.5,21021.75,20616.25,20629.0,658441
2025-02-25 00:00:00+00:00,20651.25,20662.5,20198.75,20357.75,791784
2025-02-26 00:00:00+00:00,20439.25,20618.0,20263.75,20395.75,640013
2025-02-27 00:00:00+00:00,20457.75,20595.25,19792.0,19814.5,843883
2025-02-28 00:00:00+00:00,19858.25,20153.0,19669.25,20128.25,834280
2025-03-03 00:00:00+00:00,20214.0,20329.75,19525.5,19677.0,826523
2025-03-04 00:00:00+00:00,19735.75,19941.25,19284.0,19607.75,943694
2025-03-05 00:00:00+00:00,19763.75,19933.75,19423.75,19873.75,772979
2025-03-06 00:00:00+00:00,19814.0,19856.25,19211.75,19298.0,750518
2025-03-07 00:00:00+00:00,19423.25,19495.0,18974.25,19438.5,750527
2025-03-10 00:00:00+00:00,19355.75,19365.25,18481.0,18661.5,776379
2025-03-11 00:00:00+00:00,18648.75,18895.5,18348.0,18607.75,838247
2025-03-12 00:00:00+00:00,18621.5,18997.5,18595.75,18827.25,683839
2025-03-13 00:00:00+00:00,18780.75,18902.75,18378.75,18457.75,728581
2025-03-14 00:00:00+00:00,18521.5,18951.25,18505.5,18920.75,686302
2025-03-17 00:00:00+00:00,19267.75,19550.0,19139.25,19420.5,329719
2025-03-18 00:00:00+00:00,19423.25,19448.75,18986.5,19084.0,467061
2025-03-19 00:00:00+00:00,19087.0,19525.25,19042.25,19333.25,511665
2025-03-20 00:00:00+00:00,19332.0,19487.25,19117.5,19261.5,569867
2025-03-21 00:00:00+00:00,19280.75,19359.75,18984.5,19343.25,593029
2025-03-24 00:00:00+00:00,19432.75,19791.75,19432.75,19756.5,547243
2025-03-25 00:00:00+00:00,19735.25,19907.0,19675.25,19870.75,466257
2025-03-26 00:00:00+00:00,19893.75,19919.0,19427.25,19498.75,610814
2025-03-27 00:00:00+00:00,19428.25,19581.75,19319.5,19372.5,624835
2025-03-28 00:00:00+00:00,19377.5,19394.0,18739.75,18839.25,683769
2025-03-31 00:00:00+00:00,18702.0,18872.0,18359.0,18821.75,829003
2025-04-01 00:00:00+00:00,18793.5,19026.25,18643.5,18986.75,783579
2025-04-02 00:00:00+00:00,18982.75,19426.5,18459.0,19140.25,829638
2025-04-03 00:00:00+00:00,18402.25,18559.25,17996.25,18057.75,871649
2025-04-04 00:00:00+00:00,18042.25,18095.25,16769.75,16921.25,1173315
2025-04-07 00:00:00+00:00,16482.25,17743.75,15842.25,16945.5,1123811
2025-04-08 00:00:00+00:00,17047.25,17739.5,16355.75,16626.0,939855
2025-04-09 00:00:00+00:00,16602.5,18769.0,16117.25,18671.0,1055054
2025-04-10 00:00:00+00:00,18649.0,18765.75,17301.25,17866.75,952611
2025-04-11 00:00:00+00:00,17847.0,18255.75,17449.25,18189.75,660099
2025-04-14 00:00:00+00:00,18607.25,18638.25,18119.75,18317.0,564487
2025-04-15 00:00:00+00:00,18284.75,18527.0,18191.25,18342.5,520356
2025-04-16 00:00:00+00:00,18172.25,18243.5,17498.5,17767.5,674475
2025-04-17 00:00:00+00:00,17773.5,18035.0,17643.75,17763.0,623226
2025-04-21 00:00:00+00:00,17688.5,17765.75,17082.25,17304.5,473548
2025-04-22 00:00:00+00:00,17296.25,17896.25,17246.0,17767.25,610214
2025-04-23 00:00:00+00:00,18028.25,18547.75,18006.0,18186.25,724101
2025-04-24 00:00:00+00:00,18208.75,18800.25,17977.0,18704.25,589977
2025-04-25 00:00:00+00:00,18787.25,18971.25,18598.5,18917.5,580630
2025-04-28 00:00:00+00:00,18906.75,19005.25,18639.5,18910.25,505671
2025-04-29 00:00:00+00:00,18860.5,19070.75,18760.25,19024.25,561158
2025-04-30 00:00:00+00:00,18982.0,19262.25,18486.0,19040.75,705432
2025-05-01 00:00:00+00:00,19216.25,19508.0,19139.5,19253.0,581491
2025-05-02 00:00:00+00:00,19164.75,19659.0,19131.75,19577.5,509437
2025-05-05 00:00:00+00:00,19563.75,19584.0,19348.25,19437.75,407810
2025-05-06 00:00:00+00:00,19396.5,19419.0,19121.25,19258.75,509450
2025-05-07 00:00:00+00:00,19191.25,19516.0,19061.0,19343.25,587037
2025-05-08 00:00:00+00:00,19316.75,19719.5,19293.0,19530.25,558866
2025-05-09 00:00:00+00:00,19539.25,19671.0,19440.25,19519.0,447061
2025-05-12 00:00:00+00:00,19780.75,20378.25,19759.0,20331.0,624538
2025-05-13 00:00:00+00:00,20337.0,20728.75,20200.25,20660.25,516679
2025-05-14 00:00:00+00:00,20632.25,20801.75,20620.5,20774.75,504568
2025-05-15 00:00:00+00:00,20762.0,20912.0,20574.25,20782.5,535253
2025-05-16 00:00:00+00:00,20778.25,20894.25,20702.5,20888.25,406829
2025-05-19 00:00:00+00:00,20693.0,20926.75,20494.75,20909.25,503585
2025-05-20 00:00:00+00:00,20895.25,20944.5,20680.25,20829.5,431762
2025-05-21 00:00:00+00:00,20797.0,20940.75,20455.0,20539.0,597621
2025-05-22 00:00:00+00:00,20527.25,20719.75,20422.25,20560.5,508856
2025-05-23 00:00:00+00:00,20606.0,20618.25,20109.25,20357.25,520244
2025-05-27 00:00:00+00:00,20360.25,20870.75,20336.5,20842.75,524745
2025-05-28 00:00:00+00:00,20862.25,20949.75,20703.5,20762.0,415811
2025-05-29 00:00:00+00:00,20895.25,21241.0,20683.25,20790.75,559283
2025-05-30 00:00:00+00:00,20753.5,20815.75,20453.75,20759.0,542351
2025-06-02 00:00:00+00:00,20686.0,20958.5,20545.25,20916.75,428279
2025-06-03 00:00:00+00:00,20937.25,21142.0,20781.5,21088.25,419118
2025-06-04 00:00:00+00:00,21070.5,21185.25,21023.25,21148.75,396186
2025-06-05 00:00:00+00:00,21127.0,21317.25,20885.75,20964.5,581110
2025-06-06 00:00:00+00:00,20853.25,21255.75,20853.25,21171.75,460119
2025-06-09 00:00:00+00:00,21181.5,21273.0,21098.25,21203.75,350758
2025-06-10 00:00:00+00:00,21206.25,21374.5,21114.25,21344.75,429199
2025-06-11 00:00:00+00:00,21328.0,21488.25,21173.0,21269.75,509299
2025-06-12 00:00:00+00:00,21253.25,21359.5,21095.5,21314.75,378429
2025-06-13 00:00:00+00:00,21291.25,21298.0,20853.25,21026.5,483933
2025-06-16 00:00:00+00:00,21283.0,21732.5,21236.5,21678.75,262263
2025-06-17 00:00:00+00:00,21686.5,21687.75,21420.0,21466.5,400305
2025-06-18 00:00:00+00:00,21438.0,21608.25,21372.75,21455.75,440717
2025-06-20 00:00:00+00:00,21467.25,21641.0,21160.75,21355.25,628979
2025-06-23 00:00:00+00:00,21158.75,21603.5,21077.25,21584.0,542445
2025-06-24 00:00:00+00:00,21589.5,21958.75,21576.25,21923.25,441302
2025-06-25 00:00:00+00:00,21922.5,22058.75,21895.0,21971.5,390111
2025-06-26 00:00:00+00:00,21971.75,22204.5,21948.25,22179.75,404964
2025-06-27 00:00:00+00:00,22186.75,22336.0,22110.5,22262.0,470733
2025-06-30 00:00:00+00:00,22262.0,22445.25,22262.0,22403.75,424767
2025-07-01 00:00:00+00:00,22378.0,22425.25,22105.0,22203.25,483196
2025-07-02 00:00:00+00:00,22205.0,22369.25,22092.5,22353.5,402342
2025-07-03 00:00:00+00:00,22355.5,22613.0,22337.5,22573.0,264660
2025-07-07 00:00:00+00:00,22569.75,22573.0,22290.25,22395.25,531097
2025-07-08 00:00:00+00:00,22348.25,22483.25,22319.0,22407.25,417034
2025-07-09 00:00:00+00:00,22417.0,22622.5,22354.0,22563.25,444792
2025-07-10 00:00:00+00:00,22551.5,22600.5,22411.75,22523.75,385379
2025-07-11 00:00:00+00:00,22522.25,22559.25,22342.0,22469.5,455727
2025-07-14 00:00:00+00:00,22371.25,22577.0,22313.5,22546.0,408576
2025-07-15 00:00:00+00:00,22544.75,22733.25,22506.5,22567.25,519188
2025-07-16 00:00:00+00:00,22529.25,22610.5,22346.0,22587.0,540438
2025-07-17 00:00:00+00:00,22576.0,22790.25,22527.5,22761.5,436788
2025-07-18 00:00:00+00:00,22771.75,22831.25,22680.0,22734.75,437309
2025-07-21 00:00:00+00:00,22743.0,22935.25,22714.25,22852.5,390105
2025-07-22 00:00:00+00:00,22850.0,22877.5,22618.5,22736.75,530913
2025-07-23 00:00:00+00:00,22701.75,22928.5,22657.25,22821.25,508328
2025-07-24 00:00:00+00:00,22912.75,22935.0,22808.75,22888.0,430894
2025-07-25 00:00:00+00:00,22902.0,22986.5,22841.25,22931.75,389934
2025-07-28 00:00:00+00:00,23030.5,23095.75,22947.25,23001.75,419312
2025-07-29 00:00:00+00:00,23014.75,23163.0,22931.75,22962.5,530800
2025-07-30 00:00:00+00:00,22962.5,23199.5,22867.0,22991.0,527586
2025-07-31 00:00:00+00:00,23215.5,23355.5,22801.0,22875.5,728763
2025-08-01 00:00:00+00:00,22819.0,22858.0,22285.5,22394.25,792153
2025-08-04 00:00:00+00:00,22360.5,22863.0,22332.25,22807.0,462691
2025-08-05 00:00:00+00:00,22864.5,22914.75,22595.0,22642.5,536166
2025-08-06 00:00:00+00:00,22602.25,22955.75,22556.0,22933.25,516358
2025-08-07 00:00:00+00:00,22929.0,23181.5,22839.5,23006.75,557016
2025-08-08 00:00:00+00:00,23028.75,23278.25,23013.5,23224.25,447590
2025-08-11 00:00:00+00:00,23274.5,23315.0,23098.0,23148.0,439363
2025-08-12 00:00:00+00:00,23145.5,23464.0,23106.5,23448.5,480630
2025-08-13 00:00:00+00:00,23455.5,23579.0,23396.5,23457.0,448246
2025-08-14 00:00:00+00:00,23438.25,23518.25,23303.75,23441.0,486535
2025-08-15 00:00:00+00:00,23399.25,23473.5,23245.0,23314.5,434317
2025-08-18 00:00:00+00:00,23305.5,23392.25,23229.5,23308.25,396238
2025-08-19 00:00:00+00:00,23311.25,23348.5,22936.5,22980.0,547883
2025-08-20 00:00:00+00:00,22971.5,22996.0,22545.5,22834.5,704395
2025-08-21 00:00:00+00:00,22833.5,22879.75,22629.5,22730.25,520650
2025-08-22 00:00:00+00:00,22735.75,23160.5,22587.25,23080.25,480041
2025-08-25 00:00:00+00:00,23112.5,23126.75,22953.75,23008.75,396107
2025-08-26 00:00:00+00:00,23016.25,23121.5,22882.0,23102.0,437212
2025-08-27 00:00:00+00:00,23114.5,23199.5,22945.25,23139.25,428803
2025-08-28 00:00:00+00:00,23052.75,23314.25,22998.0,23279.5,479461
2025-08-29 00:00:00+00:00,23271.0,23272.5,22908.0,22972.25,527958
2025-09-02 00:00:00+00:00,22989.5,23063.0,22535.75,22785.5,737416
2025-09-03 00:00:00+00:00,22892.5,23035.75,22808.75,22959.25,557397
2025-09-04 00:00:00+00:00,22967.25,23219.25,22920.5,23178.5,475080
2025-09-05 00:00:00+00:00,23210.5,23412.5,23015.5,23194.5,662753
2025-09-08 00:00:00+00:00,23184.0,23398.5,23160.75,23310.25,450764
2025-09-09 00:00:00+00:00,23309.5,23431.75,23236.5,23384.5,466233
2025-09-10 00:00:00+00:00,23409.0,23554.75,23295.5,23388.25,510076
2025-09-11 00:00:00+00:00,23364.25,23556.5,23348.5,23528.25,429449
2025-09-12 00:00:00+00:00,23538.75,23669.5,23479.5,23623.75,382625
2025-09-15 00:00:00+00:00,24103.25,24307.0,24068.0,24301.0,216515
2025-09-16 00:00:00+00:00,24284.0,24397.5,24249.5,24272.5,320651
2025-09-17 00:00:00+00:00,24277.0,24303.25,23992.25,24215.5,549031
2025-09-18 00:00:00+00:00,24248.75,24566.25,24245.5,24455.75,518528
2025-09-19 00:00:00+00:00,24468.0,24638.25,24405.25,24616.5,480380
2025-09-22 00:00:00+00:00,24600.25,24777.5,24499.0,24753.25,467903
2025-09-23 00:00:00+00:00,24745.25,24776.25,24530.75,24577.5,551326
2025-09-24 00:00:00+00:00,24589.75,24663.75,24377.25,24489.5,521656
2025-09-25 00:00:00+00:00,24496.25,24543.75,24172.75,24379.5,687131
2025-09-26 00:00:00+00:00,24392.75,24497.75,24270.25,24477.0,542987
2025-09-29 00:00:00+00:00,24476.75,24725.75,24472.0,24588.0,501114
2025-09-30 00:00:00+00:00,24568.0,24664.0,24472.5,24652.0,503096
2025-10-01 00:00:00+00:00,24593.25,24787.0,24383.5,24767.75,466538
2025-10-02 00:00:00+00:00,24759.5,24930.25,24744.0,24860.25,451665
2025-10-03 00:00:00+00:00,24851.75,24946.75,24673.5,24742.25,482299
2025-10-06 00:00:00+00:00,24750.25,25003.0,24745.25,24935.0,410616
2025-10-07 00:00:00+00:00,24934.75,25025.25,24735.0,24789.5,532138
2025-10-08 00:00:00+00:00,24810.0,25115.0,24776.5,25081.25,436333
2025-10-09 00:00:00+00:00,25101.75,25144.25,24911.0,25039.5,493736
2025-10-10 00:00:00+00:00,25038.0,25138.25,23908.75,24147.25,914793
2025-10-13 00:00:00+00:00,24292.25,24715.25,24292.25,24672.5,649746
2025-10-14 00:00:00+00:00,24664.0,24794.5,24171.25,24512.75,720613
2025-10-15 00:00:00+00:00,24504.25,24865.25,24413.5,24674.75,623584
2025-10-16 00:00:00+00:00,24687.25,24929.75,24393.75,24581.5,726829
2025-10-17 00:00:00+00:00,24544.0,24806.0,24160.25,24736.75,735169
2025-10-20 00:00:00+00:00,24816.0,25104.75,24706.0,25055.5,429882
2025-10-21 00:00:00+00:00,25077.0,25118.25,24953.5,25045.0,432351
2025-10-22 00:00:00+00:00,25034.0,25088.5,24555.0,24789.5,683813
2025-10-23 00:00:00+00:00,24762.5,25046.25,24687.25,25004.25,521868
2025-10-24 00:00:00+00:00,25033.5,25321.0,25026.25,25259.5,459794
2025-10-27 00:00:00+00:00,25473.75,25763.75,25450.25,25714.0,421306
2025-10-28 00:00:00+00:00,25752.75,25981.75,25693.25,25913.75,440019
2025-10-29 00:00:00+00:00,25930.0,26130.0,25799.5,26012.75,548648
2025-10-30 00:00:00+00:00,25904.75,26149.25,25603.25,25633.0,654512
2025-10-31 00:00:00+00:00,25900.75,26024.25,25639.0,25754.25,590702
2025-11-03 00:00:00+00:00,25778.5,26016.25,25763.0,25853.5,468406
2025-11-04 00:00:00+00:00,25854.75,25854.75,25273.0,25325.5,659924
2025-11-05 00:00:00+00:00,25295.25,25630.25,25032.25,25496.5,610348
2025-11-06 00:00:00+00:00,25488.75,25572.5,24948.0,24994.5,746174
2025-11-07 00:00:00+00:00,25065.0,25105.0,24459.5,24916.5,752909
2025-11-10 00:00:00+00:00,25071.0,25510.75,25019.25,25464.75,609648
2025-11-11 00:00:00+00:00,25472.5,25519.0,25228.75,25391.0,524477
2025-11-12 00:00:00+00:00,25418.25,25580.25,25239.0,25374.0,599965
2025-11-13 00:00:00+00:00,25374.25,25471.75,24752.75,24845.0,764574
2025-11-14 00:00:00+00:00,24845.5,25043.5,24376.25,24844.25,847616
2025-11-17 00:00:00+00:00,24892.5,25111.5,24482.0,24629.25,731541
2025-11-18 00:00:00+00:00,24655.75,24709.75,24126.5,24346.0,860410
2025-11-19 00:00:00+00:00,24301.25,24738.25,24195.25,24472.0,761609
2025-11-20 00:00:00+00:00,24717.0,25060.25,23823.5,23881.75,975531
2025-11-21 00:00:00+00:00,23860.25,24346.5,23654.75,24055.75,903236
2025-11-24 00:00:00+00:00,24206.0,24743.75,24112.0,24698.5,593852
2025-11-25 00:00:00+00:00,24716.5,24885.5,24352.25,24835.75,617788
2025-11-26 00:00:00+00:00,24821.5,25126.25,24811.5,25052.5,513391
2025-11-28 00:00:00+00:00,25063.25,25250.0,25036.0,25232.25,196300
2025-12-01 00:00:00+00:00,25232.75,25296.25,24943.5,25141.5,567265
2025-12-02 00:00:00+00:00,25161.75,25420.25,25075.0,25356.25,554416
2025-12-03 00:00:00+00:00,25361.25,25435.5,25171.75,25407.75,485865
2025-12-04 00:00:00+00:00,25400.5,25482.75,25239.0,25373.0,504410
2025-12-05 00:00:00+00:00,25380.0,25618.25,25330.0,25482.25,488183
2025-12-08 00:00:00+00:00,25500.25,25611.0,25315.0,25414.25,467045
2025-12-09 00:00:00+00:00,25463.25,25486.0,25310.25,25450.0,400961
2025-12-10 00:00:00+00:00,25430.25,25621.0,25279.0,25548.25,538109
2025-12-11 00:00:00+00:00,25519.75,25611.75,25133.25,25463.75,612703
2025-12-12 00:00:00+00:00,25451.25,25483.5,24868.25,24963.75,688034
2025-12-15 00:00:00+00:00,25463.25,25668.0,25285.75,25342.75,304940
2025-12-16 00:00:00+00:00,25345.75,25444.0,25073.25,25380.25,545470
2025-12-17 00:00:00+00:00,25332.0,25508.5,24887.75,24898.75,628078
2025-12-18 00:00:00+00:00,24983.5,25412.5,24901.25,25261.75,661010
2025-12-19 00:00:00+00:00,25240.0,25600.25,25209.75,25574.75,485585
2025-12-22 00:00:00+00:00,25635.25,25794.75,25628.0,25692.25,361214
2025-12-23 00:00:00+00:00,25701.0,25822.5,25608.25,25812.25,330542
2025-12-24 00:00:00+00:00,25815.75,25892.0,25777.5,25880.5,159846
2025-12-26 00:00:00+00:00,25868.0,25935.25,25834.25,25863.25,235607
2025-12-29 00:00:00+00:00,25863.25,25893.75,25648.0,25739.75,341852
2025-12-30 00:00:00+00:00,25740.0,25793.75,25668.25,25675.25,296428
2025-12-31 00:00:00+00:00,25683.25,25716.75,25429.0,25456.75,319280
2026-01-02 00:00:00+00:00,25478.5,25803.75,25265.25,25385.25,538534
2026-01-05 00:00:00+00:00,25431.75,25708.0,25406.5,25577.75,453961
2026-01-06 00:00:00+00:00,25583.0,25837.75,25527.5,25822.0,439147
2026-01-07 00:00:00+00:00,25831.25,25996.25,25727.0,25838.75,470730
2026-01-08 00:00:00+00:00,25838.75,25849.75,25569.0,25687.5,501380
2026-01-09 00:00:00+00:00,25725.0,25985.5,25615.5,25938.25,502228
2026-01-12 00:00:00+00:00,25949.0,26020.5,25632.75,25956.75,449308
2026-01-13 00:00:00+00:00,25953.5,26045.5,25803.25,25906.0,554832
2026-01-14 00:00:00+00:00,25900.75,25925.75,25420.75,25631.0,634632
2026-01-15 00:00:00+00:00,25593.0,25952.75,25562.5,25705.75,583324
2026-01-16 00:00:00+00:00,25720.5,25891.0,25591.5,25689.0,482272
2026-01-20 00:00:00+00:00,25471.0,25472.0,25095.25,25129.25,851257
2026-01-21 00:00:00+00:00,25149.5,25653.5,25025.0,25471.0,794674
2026-01-22 00:00:00+00:00,25529.5,25739.75,25483.75,25658.25,526654
2026-01-23 00:00:00+00:00,25605.0,25845.75,25540.25,25738.25,499582
2026-01-26 00:00:00+00:00,25585.5,25936.5,25365.25,25848.5,442305
2026-01-27 00:00:00+00:00,25861.25,26118.0,25838.5,26073.0,420244
2026-01-28 00:00:00+00:00,26111.25,26349.0,25993.25,26156.25,506423
2026-01-29 00:00:00+00:00,26282.5,26296.0,25536.0,25999.25,687692
2026-01-30 00:00:00+00:00,25998.5,26020.0,25568.75,25670.0,700879
2026-02-02 00:00:00+00:00,25530.0,25949.5,25180.25,25850.0,570038
2026-02-03 00:00:00+00:00,25876.5,26027.75,25219.0,25452.0,685605
2026-02-04 00:00:00+00:00,25387.5,25514.25,24783.5,24999.25,732808
2026-02-05 00:00:00+00:00,25061.75,25169.0,24407.25,24651.0,762113
2026-02-06 00:00:00+00:00,24416.0,25222.0,24239.75,25163.25,638954
2026-02-09 00:00:00+00:00,25153.75,25428.75,24955.5,25354.0,482764
2026-02-10 00:00:00+00:00,25363.0,25447.25,25198.25,25218.25,465118
2026-02-11 00:00:00+00:00,25259.0,25465.25,25058.25,25288.5,524535
2026-02-12 00:00:00+00:00,25289.0,25419.75,24721.5,24768.0,653809
2026-02-13 00:00:00+00:00,24842.25,24995.5,24578.75,24803.25,678824
2026-02-17 00:00:00+00:00,24789.75,24922.25,24449.25,24767.75,743312
2026-02-18 00:00:00+00:00,24773.75,25128.25,24700.75,24956.0,532109
2026-02-19 00:00:00+00:00,24943.5,25054.0,24749.0,24858.75,500469
2026-02-20 00:00:00+00:00,24837.75,25139.5,24678.5,25067.5,609190
2026-02-23 00:00:00+00:00,25033.75,25059.75,24668.0,24762.75,583352
2026-02-24 00:00:00+00:00,24788.0,25078.75,24694.5,25028.75,510065
2026-02-25 00:00:00+00:00,25016.25,25494.75,24992.0,25382.0,409069
